Query,model_output_initial,code_output_initial,model_output_final,code_output_final,orchestrator_status,orchestrator_report,classification
"Amazon operates multiple distribution centers that are responsible for supplying essential goods daily to various customer groups. The daily demand for each customer group is provided in ""customer_demand.csv"", while the daily supply capacity of the distribution centers is detailed in ""supply_capacity.csv"". The transportation cost per unit of goods from each distribution center to each customer group is recorded in ""transportation_costs.csv"". The objective is to determine the quantity of goods to be transported from each distribution center to each customer group, ensuring that all customer demands are met without exceeding the supply capacity of any distribution center, while minimizing the total transportation cost.","FINAL_MODEL_OUTPUT: \min \sum_{i,j} c_{ij} x_{ij} \text{ s.t. } \sum_j x_{ij} \le s_i \;\forall i,\; \sum_i x_{ij} \ge d_j \;\forall j,\; x_{ij} \ge 0. d = [4415, 5430, 81, 146, 10638, 1663, 151, 185, 1917, 4489, 76, 2529, 2136, 909, 316, 70, 1456, 2711], s = [5963, 702, 350, 11483, 6585, 11330, 207, 788, 6967, 43, 1137, 1553, 257, 2114, 205, 17326, 22260, 333], c = [[159.83765495858208, 6.42633790337285, 7.582243029047409, 99.52254454692138, 135.16829918665007, 7.590909409397181, 2.3654667052579508, 7.575274779934459, 991.7798969083236, 11.464155019446489, 69.35418474260145, 135.88274162390056, 46.86156560390732, 7.591284332304382, 159.41034277497943, 173.2178262613133, 7.560918384716748, 7.6626195540288755], [0.106557017102239, 8.54894494648944, 0.0568789303102096, 212.07495813173492, 1.040260758093917, 0.0652083182686696, 194.7110872056446, 0.0494806010515883, 839.3507562340868, 89.40158875493893, 217.73477041745696, 68.76890997932357, 141.20103295662906, 0.0656502397018673, 1.175025378373934, 132.53399287398733, 1.265678945608808, 0.1438122345864802], [0.0712113296922013, 180.3996497782258, 0.2622972046955685, 182.8636027839307, 1.735658687947286, 0.0003457967259966, 9.336781626424909, 0.2872050597506193, 39.90767148745277, 4.201696016865375, 187.79672431983445, 3.3050624901211525, 142.30344029228047, 0.0127896657555688, 0.003164519819296, 113.56966737977794, 0.0721377516383126, 1.724132015627177], [1.5455382897983383, 180.07836268028748, 0.0240569354592471, 182.8162278499576, 0.096483806717389, 0.3280567912491164, 167.94349941079716, 0.3447071113014559, 838.3178615319802, 75.88119317030038, 218.9576990348591, 3.289687537275121, 165.76290434538876, 0.0150577528830554, 0.0155049780044053, 132.22868668242745, 0.0807047191286277, 1.5358539138142018], [16.41408384079902, 20.38570035418408, 16.413172756532582, 478.0390070489655, 296.930752792446, 295.204481832446, 535.0402811142731, 295.47280243634304, 29.543193182073452, 259.9306953789963, 477.9714035932095, 16.957302922645596, 476.97921893358273, 295.19027061286835, 344.4023165803424, 311.0615468174578, 345.603099976026, 16.31794206958455], [158.9313402279755, 27.846407834093128, 7.505708371284356, 237.3730089947848, 157.3399415011591, 7.502126992568333, 8.887771023202468, 134.89750175293696, 830.1122041518627, 206.47987032908975, 202.44057197951557, 88.80510777650917, 98.47373975154062, 7.501579667106725, 157.54235576369737, 77.93428784134284, 7.535086968463016, 7.514549419003527], [0.1072029141202719, 154.1398544913415, 0.8852806020632731, 183.15061946024696, 0.1196790346494559, 0.0371960874979214, 196.20925427585055, 0.8877813480601408, 718.5329214110352, 4.219766244382137, 219.2325360920747, 58.92384746650274, 142.10648477210282, 0.7605337317228869, 0.6661979296228859, 6.272573102127474, 1.9178600626840887, 0.0721547548345918], [2.220199373580392, 227.15154482810524, 47.959261803283134, 220.05727166867416, 41.14162586783218, 48.08129672994959, 215.21567259079265, 41.310649904255584, 804.8838110396675, 47.1095086969049, 203.7998107755676, 5.591984830221476, 9.653631540812064, 48.09583337811525, 41.21498273379365, 8.431638784802882, 2.247296057577594, 2.2930186182029604], [0.0593940168431974, 180.7637642245803, 0.0245032552848036, 213.5491059653967, 1.908865604731188, 0.3778127261007191, 9.350361928257238, 0.5760978375171601, 718.0228698036685, 87.85660384116036, 188.0412460602118, 69.74234177397213, 142.61913832558642, 0.3816975088257651, 0.0180311498292083, 132.70438216743082, 1.5265709751505647, 0.0746543857357613], [76.00470976255896, 254.7550116921857, 66.2904204966841, 223.5475387800311, 66.19918714920598, 3.6895780121494055, 193.92061614610816, 66.49006559646251, 37.59695422866174, 46.74635938361848, 11.812459372090943, 146.53400490084056, 224.10127986124817, 66.42589614744958, 77.48419913522422, 9.836931402779376, 76.49877965864712, 3.69855862173304], [1349.7946298063491, 1031.0578018743602, 1348.9789699758965, 1179.2355621422678, 1347.625644089478, 64.24351194472719, 55.57123247183962, 1156.114313238807, 103.84543309426437, 1433.228132588181, 1145.6184900389776, 61.99837422557616, 1183.9344574977524, 1156.3865347596354, 1156.383640245391, 62.76824918418602, 64.22589773317051, 1157.51304425127], [1.435340983528516, 8.636406888143583, 0.0738232801151266, 10.215881024967333, 3.2384338747146777, 0.06455975862128, 9.399638194835504, 1.6835916352127127, 717.2136284740286, 4.144028420494834, 220.41626885161517, 3.3414264441248185, 7.9681413610932275, 1.348626003227619, 1.161106948033174, 132.6106833006416, 0.1139948850006557, 0.7753196305628699], [314.2033136744687, 181.3919171146923, 268.5340851497754, 10.0142344242029, 312.0487129803631, 313.3987946898658, 163.89458677448891, 14.909362204435864, 1151.4600713515997, 342.92190941534403, 131.26447439133497, 265.61409411316095, 147.38606257413295, 268.62908971030595, 268.6276348293388, 297.28801494705266, 268.4322863390603, 14.981357818407366], [5.752413335760744, 7.158798027896069, 5.732884238005308, 89.16252252077103, 5.654481175796923, 120.60894986092626, 75.57187554552677, 5.727488142081072, 947.7343446508175, 9.423526828781656, 4.694117269797094, 5.410690679167998, 77.80702229606479, 120.62011021388729, 5.743372251771093, 9.007468301222858, 5.703072947981375, 5.820650534912412], [654.160873808039, 44.28920565984101, 764.1914776236828, 43.60146761460413, 655.978917172618, 764.1106991806364, 799.7431966296571, 36.39989154831688, 100.32749546353006, 32.21297721494791, 953.331898113182, 820.8639813333887, 929.4945220448218, 654.9523796493896, 36.38623794626697, 707.240038428002, 655.0223395721506, 36.33495494783298], [10.834014840644407, 3.096409145258592, 226.18066701518617, 256.0839847043925, 193.82939750180543, 193.771467026974, 209.24557676276316, 193.66567724335655, 1008.9035128588964, 14.506399184409265, 255.89976810340843, 156.7080093063926, 154.22247120522476, 10.76441599354317, 10.76495047758324, 106.52863006692613, 226.93339059133515, 193.79044895963025], [16.409641338621462, 20.38503370813976, 16.408761812170813, 26.553380437646684, 346.3265710469919, 295.1251384672749, 25.474610961574665, 295.39350585955566, 29.538604457892237, 259.818743184237, 477.9097617744408, 16.95457037355671, 22.71104797475001, 295.11093352437973, 344.30975075478744, 14.81152079012192, 16.452860876263163, 342.58424666699665], [837.3389315505575, 47.44491934576151, 39.91671898599663, 47.69157661529261, 39.97592675769934, 718.4077185299378, 870.0007174209971, 718.6665924030137, 0.0225819370919379, 644.5642349234957, 49.33551842366003, 42.41108954504367, 860.7092331202016, 39.91145534315851, 718.4076272709384, 759.8096548716817, 718.6046793265715, 717.3748902497082]]","import gurobipy as gp
from gurobipy import GRB

# Data
d = [4415, 5430, 81, 146, 10638, 1663, 151, 185, 1917, 4489, 76, 2529, 2136, 909, 316, 70, 1456, 2711]
s = [5963, 702, 350, 11483, 6585, 11330, 207, 788, 6967, 43, 1137, 1553, 257, 2114, 205, 17326, 22260, 333]
c = [
    [159.83765495858208, 6.42633790337285, 7.582243029047409, 99.52254454692138, 135.16829918665007, 7.590909409397181, 2.3654667052579508, 7.575274779934459, 991.7798969083236, 11.464155019446489, 69.35418474260145, 135.88274162390056, 46.86156560390732, 7.591284332304382, 159.41034277497943, 173.2178262613133, 7.560918384716748, 7.6626195540288755],
    [0.106557017102239, 8.54894494648944, 0.0568789303102096, 212.07495813173492, 1.040260758093917, 0.0652083182686696, 194.7110872056446, 0.0494806010515883, 839.3507562340868, 89.40158875493893, 217.73477041745696, 68.76890997932357, 141.20103295662906, 0.0656502397018673, 1.175025378373934, 132.53399287398733, 1.265678945608808, 0.1438122345864802],
    [0.0712113296922013, 180.3996497782258, 0.2622972046955685, 182.8636027839307, 1.735658687947286, 0.0003457967259966, 9.336781626424909, 0.2872050597506193, 39.90767148745277, 4.201696016865375, 187.79672431983445, 3.3050624901211525, 142.30344029228047, 0.0127896657555688, 0.003164519819296, 113.56966737977794, 0.0721377516383126, 1.724132015627177],
    [1.5455382897983383, 180.07836268028748, 0.0240569354592471, 182.8162278499576, 0.096483806717389, 0.3280567912491164, 167.94349941079716, 0.3447071113014559, 838.3178615319802, 75.88119317030038, 218.9576990348591, 3.289687537275121, 165.76290434538876, 0.0150577528830554, 0.0155049780044053, 132.22868668242745, 0.0807047191286277, 1.5358539138142018],
    [16.41408384079902, 20.38570035418408, 16.413172756532582, 478.0390070489655, 296.930752792446, 295.204481832446, 535.0402811142731, 295.47280243634304, 29.543193182073452, 259.9306953789963, 477.9714035932095, 16.957302922645596, 476.97921893358273, 295.19027061286835, 344.4023165803424, 311.0615468174578, 345.603099976026, 16.31794206958455],
    [158.9313402279755, 27.846407834093128, 7.505708371284356, 237.3730089947848, 157.3399415011591, 7.502126992568333, 8.887771023202468, 134.89750175293696, 830.1122041518627, 206.47987032908975, 202.44057197951557, 88.80510777650917, 98.47373975154062, 7.501579667106725, 157.54235576369737, 77.93428784134284, 7.535086968463016, 7.514549419003527],
    [0.1072029141202719, 154.1398544913415, 0.8852806020632731, 183.15061946024696, 0.1196790346494559, 0.0371960874979214, 196.20925427585055, 0.8877813480601408, 718.5329214110352, 4.219766244382137, 219.2325360920747, 58.92384746650274, 142.10648477210282, 0.7605337317228869, 0.6661979296228859, 6.272573102127474, 1.9178600626840887, 0.0721547548345918],
    [2.220199373580392, 227.15154482810524, 47.959261803283134, 220.05727166867416, 41.14162586783218, 48.08129672994959, 215.21567259079265, 41.310649904255584, 804.8838110396675, 47.1095086969049, 203.7998107755676, 5.591984830221476, 9.653631540812064, 48.09583337811525, 41.21498273379365, 8.431638784802882, 2.247296057577594, 2.2930186182029604],
    [0.0593940168431974, 180.7637642245803, 0.0245032552848036, 213.5491059653967, 1.908865604731188, 0.3778127261007191, 9.350361928257238, 0.5760978375171601, 718.0228698036685, 87.85660384116036, 188.0412460602118, 69.74234177397213, 142.61913832558642, 0.3816975088257651, 0.0180311498292083, 132.70438216743082, 1.5265709751505647, 0.0746543857357613],
    [76.00470976255896, 254.7550116921857, 66.2904204966841, 223.5475387800311, 66.19918714920598, 3.6895780121494055, 193.92061614610816, 66.49006559646251, 37.59695422866174, 46.74635938361848, 11.812459372090943, 146.53400490084056, 224.10127986124817, 66.42589614744958, 77.48419913522422, 9.836931402779376, 76.49877965864712, 3.69855862173304],
    [1349.7946298063491, 1031.0578018743602, 1348.9789699758965, 1179.2355621422678, 1347.625644089478, 64.24351194472719, 55.57123247183962, 1156.114313238807, 103.84543309426437, 1433.228132588181, 1145.6184900389776, 61.99837422557616, 1183.9344574977524, 1156.3865347596354, 1156.383640245391, 62.76824918418602, 64.22589773317051, 1157.51304425127],
    [1.435340983528516, 8.636406888143583, 0.0738232801151266, 10.215881024967333, 3.2384338747146777, 0.06455975862128, 9.399638194835504, 1.6835916352127127, 717.2136284740286, 4.144028420494834, 220.41626885161517, 3.3414264441248185, 7.9681413610932275, 1.348626003227619, 1.161106948033174, 132.6106833006416, 0.1139948850006557, 0.7753196305628699],
    [314.2033136744687, 181.3919171146923, 268.5340851497754, 10.0142344242029, 312.0487129803631, 313.3987946898658, 163.89458677448891, 14.909362204435864, 1151.4600713515997, 342.92190941534403, 131.26447439133497, 265.61409411316095, 147.38606257413295, 268.62908971030595, 268.6276348293388, 297.28801494705266, 268.4322863390603, 14.981357818407366],
    [5.752413335760744, 7.158798027896069, 5.732884238005308, 89.16252252077103, 5.654481175796923, 120.60894986092626, 75.57187554552677, 5.727488142081072, 947.7343446508175, 9.423526828781656, 4.694117269797094, 5.410690679167998, 77.80702229606479, 120.62011021388729, 5.743372251771093, 9.007468301222858, 5.703072947981375, 5.820650534912412],
    [654.160873808039, 44.28920565984101, 764.1914776236828, 43.60146761460413, 655.978917172618, 764.1106991806364, 799.7431966296571, 36.39989154831688, 100.32749546353006, 32.21297721494791, 953.331898113182, 820.8639813333887, 929.4945220448218, 654.9523796493896, 36.38623794626697, 707.240038428002, 655.0223395721506, 36.33495494783298],
    [10.834014840644407, 3.096409145258592, 226.18066701518617, 256.0839847043925, 193.82939750180543, 193.771467026974, 209.24557676276316, 193.66567724335655, 1008.9035128588964, 14.506399184409265, 255.89976810340843, 156.7080093063926, 154.22247120522476, 10.76441599354317, 10.76495047758324, 106.52863006692613, 226.93339059133515, 193.79044895963025],
    [16.409641338621462, 20.38503370813976, 16.408761812170813, 26.553380437646684, 346.3265710469919, 295.1251384672749, 25.474610961574665, 295.39350585955566, 29.538604457892237, 259.818743184237, 477.9097617744408, 16.95457037355671, 22.71104797475001, 295.11093352437973, 344.30975075478744, 14.81152079012192, 16.452860876263163, 342.58424666699665],
    [837.3389315505575, 47.44491934576151, 39.91671898599663, 47.69157661529261, 39.97592675769934, 718.4077185299378, 870.0007174209971, 718.6665924030137, 0.0225819370919379, 644.5642349234957, 49.33551842366003, 42.41108954504367, 860.7092331202016, 39.91145534315851, 718.4076272709384, 759.8096548716817, 718.6046793265715, 717.3748902497082]
]

# Create model
m = gp.Model(""Transportation"")

# Decision variables
x = m.addVars(len(s), len(d), lb=0, vtype=GRB.CONTINUOUS, name=""x"")

# Objective
obj = gp.quicksum(c[i][j] * x[i, j] for i in range(len(s)) for j in range(len(d)))
m.setObjective(obj, GRB.MINIMIZE)

# Demand constraints
for j in range(len(d)):
    m.addConstr(gp.quicksum(x[i, j] for i in range(len(s))) >= d[j], name=f""demand_{j}"")

# Capacity constraints
for i in range(len(s)):
    m.addConstr(gp.quicksum(x[i, j] for j in range(len(d))) <= s[i], name=f""capacity_{i}"")

# Optimize
m.optimize()
","```latex
\[
\begin{aligned}
\min \quad & \sum_{i}\sum_{j} c_{ij}\,x_{ij} \\[4pt]
\text{s.t.}\quad
& \sum_{j} x_{ij} \;\le\; s_i \qquad &&\forall i \quad\text{(supply limits)}\\[4pt]
& \sum_{i} x_{ij} \;=\; d_j \qquad &&\forall j \quad\text{(exact demand)}\\[4pt]
& x_{ij} \;\ge\; 0 \qquad &&\forall i,j
\end{aligned}
\]
```","import gurobipy as gp
from gurobipy import GRB

# Data
d = [94, 39, 65, 435]
s = [2531, 20, 210, 241]
c = [
    [883.91, 0.04, 0.03, 44.45],
    [543.75, 23.68, 23.67, 447.75],
    [537.34, 23.76, 498.95, 440.60],
    [1791.49, 68.21, 1432.48, 1527.76]
]

# Create model
m = gp.Model(""Transportation"")

# Decision variables
x = {}
for i in range(len(s)):
    for j in range(len(d)):
        var_name = f""x_{i}_{j}""
        x[(i, j)] = m.addVar(vtype=GRB.INTEGER, name=var_name)

# Objective function
obj = gp.quicksum(c[i][j] * x[(i, j)] for i in range(len(s)) for j in range(len(d)))
m.setObjective(obj, GRB.MINIMIZE)

# Supply constraints
for i in range(len(s)):
    m.addConstr(gp.quicksum(x[(i, j)] for j in range(len(d))) <= s[i], name=f""supply_{i}"")

# Demand constraints
for j in range(len(d)):
    m.addConstr(gp.quicksum(x[(i, j)] for i in range(len(s))) == d[j], name=f""demand_{j}"")

# Optimize
m.optimize()",NEEDS_REFINEMENT,"{""history"": [{""iteration"": 0, ""model_review"": {""status"": ""NEEDS_REFINEMENT"", ""critical_flaws"": [], ""major_flaws"": [], ""minor_flaws"": [""Demand constraints are written as ≥, allowing over‑supply. The typical transportation problem requires equality constraints to ensure exactly meeting demand.""], ""recommended_action"": ""refine_model"", ""confidence"": 0.9, ""raw_response"": ""{\n  \""status\"": \""NEEDS_REFINEMENT\"",\n  \""critical_flaws\"": [],\n  \""major_flaws\"": [],\n  \""minor_flaws\"": [\n    \""Demand constraints are written as \\u2265, allowing over‑supply. The typical transportation problem requires equality constraints to ensure exactly meeting demand.\""\n  ],\n  \""recommended_action\"": \""refine_model\"",\n  \""confidence\"": 0.9\n}""}, ""code_review"": {""status"": ""PASS"", ""critical_flaws"": [], ""major_flaws"": [], ""minor_flaws"": [], ""recommended_action"": ""none"", ""confidence"": ""high"", ""raw_response"": ""{\""status\"":\""PASS\"",\""critical_flaws\"":[],\""major_flaws\"":[],\""minor_flaws\"":[],\""recommended_action\"":\""none\"",\""confidence\"":\""high\""}""}, ""deterministic_code_check"": {""status"": ""PASS"", ""code_present"": true, ""syntax_ok"": true, ""execution_ok"": true, ""model_status"": 2, ""objective_value"": 172752.82458839755, ""error"": null, ""stdout"": ""Restricted license - for non-production use only - expires 2026-11-23\nGurobi Optimizer version 12.0.1 build v12.0.1rc0 (linux64 - \""Ubuntu 22.04.5 LTS\"")\n\nCPU model: Intel(R) Xeon(R) Gold 5416S, instruction set [SSE2|AVX|AVX2|AVX512]\nThread count: 32 physical cores, 64 logical processors, using up to 32 threads\n\nOptimize a model with 36 rows, 324 columns and 648 nonzeros\nModel fingerprint: 0xcdf277ef\nCoefficient statistics:\n  Matrix range     [1e+00, 1e+00]\n  Objective range  [3e-04, 1e+03]\n  Bounds range     [0e+00, 0e+00]\n  RHS range        [4e+01, 2e+04]\nPresolve time: 0.00s\nPresolved: 36 rows, 324 columns, 648 nonzeros\n\nIteration    Objective       Primal Inf.    Dual Inf.      Time\n       0    0.0000000e+00   3.931800e+04   0.000000e+00      0s\n      51    1.7275282e+05   0.000000e+00   0.000000e+00      0s\n\nSolved in 51 iterations and 0.00 seconds (0.00 work units)\nOptimal objective  1.727528246e+05\n""}}, {""iteration"": 1, ""model_review"": {""status"": ""PASS"", ""critical_flaws"": [], ""major_flaws"": [], ""minor_flaws"": [], ""recommended_action"": ""none"", ""confidence"": ""high"", ""raw_response"": ""{\""status\"":\""PASS\"",\""critical_flaws\"":[],\""major_flaws\"":[],\""minor_flaws\"":[],\""recommended_action\"":\""none\"",\""confidence\"":\""high\""}""}, ""code_review"": {""status"": ""NEEDS_REFINEMENT"", ""critical_flaws"": [], ""major_flaws"": [""Variables are declared as GRB.INTEGER instead of continuous, violating the model's requirement for non‑negative continuous variables.""], ""minor_flaws"": [], ""recommended_action"": ""refine_code"", ""confidence"": 0.99, ""raw_response"": ""{\n  \""status\"": \""NEEDS_REFINEMENT\"",\n  \""critical_flaws\"": [],\n  \""major_flaws\"": [\n    \""Variables are declared as GRB.INTEGER instead of continuous, violating the model's requirement for non‑negative continuous variables.\""\n  ],\n  \""minor_flaws\"": [],\n  \""recommended_action\"": \""refine_code\"",\n  \""confidence\"": 0.99\n}""}, ""deterministic_code_check"": {""status"": ""PASS"", ""code_present"": true, ""syntax_ok"": true, ""execution_ok"": true, ""model_status"": 2, ""objective_value"": 69849.22, ""error"": null, ""stdout"": ""Gurobi Optimizer version 12.0.1 build v12.0.1rc0 (linux64 - \""Ubuntu 22.04.5 LTS\"")\n\nCPU model: Intel(R) Xeon(R) Gold 5416S, instruction set [SSE2|AVX|AVX2|AVX512]\nThread count: 32 physical cores, 64 logical processors, using up to 32 threads\n\nOptimize a model with 8 rows, 16 columns and 32 nonzeros\nModel fingerprint: 0x9fd53a54\nVariable types: 0 continuous, 16 integer (0 binary)\nCoefficient statistics:\n  Matrix range     [1e+00, 1e+00]\n  Objective range  [3e-02, 2e+03]\n  Bounds range     [0e+00, 0e+00]\n  RHS range        [2e+01, 3e+03]\nFound heuristic solution: objective 103204.10000\nPresolve removed 8 rows and 16 columns\nPresolve time: 0.00s\nPresolve: All rows and columns removed\n\nExplored 0 nodes (0 simplex iterations) in 0.00 seconds (0.00 work units)\nThread count was 1 (of 64 available processors)\n\nSolution count 2: 69849.2 103204 \n\nOptimal solution found (tolerance 1.00e-04)\nBest objective 6.984922000000e+04, best bound 6.984922000000e+04, gap 0.0000%\n""}}], ""refinements_used"": 1}",Transportation
"Walmart stores play a crucial role in delivering essential goods to a range of customer groups daily. The problem focuses on determining the optimal transportation plan to meet customer demands, with daily demand data provided in ""customer_demands.csv"". These demands are fulfilled using supplies from Walmart stores, each with a specific daily supply capacity detailed in ""supply_capacity.csv"". The transportation cost per unit of goods from each Walmart store to each customer group is recorded in ""transportation_costs.csv"". The goal is to calculate the quantities to be transported from each Walmart store to each customer group, ensuring that all demands are satisfied without exceeding the supply capacity of any store, while minimizing the overall transportation cost.",Agent stopped due to iteration limit or time limit.,"import gurobipy as gp
from gurobipy import GRB

# Data
d = [94, 39, 65, 435]
s = [2531, 20, 210, 241]
c = [
    [883.91, 0.04, 0.03, 44.45],
    [543.75, 23.68, 23.67, 447.75],
    [537.34, 23.76, 498.95, 440.60],
    [1791.49, 68.21, 1432.48, 1527.76]
]

# Create model
m = gp.Model(""Transportation"")

# Decision variables
x = {}
for i in range(len(s)):
    for j in range(len(d)):
        x[i, j] = m.addVar(vtype=GRB.INTEGER, name=f""x_{i}_{j}"")

# Objective
obj = gp.quicksum(c[i][j] * x[i, j] for i in range(len(s)) for j in range(len(d)))
m.setObjective(obj, GRB.MINIMIZE)

# Demand constraints
for j in range(len(d)):
    m.addConstr(gp.quicksum(x[i, j] for i in range(len(s))) >= d[j], name=f""demand_{j}"")

# Capacity constraints
for i in range(len(s)):
    m.addConstr(gp.quicksum(x[i, j] for j in range(len(d))) <= s[i], name=f""capacity_{i}"")

# Optimize
m.optimize()","```markdown
**Transportation Model**

Let  

- \(I\) be the set of Walmart stores (indexed by \(i\)).  
- \(J\) be the set of customer groups (indexed by \(j\)).  

Parameters  

- \(s_i\) : daily supply capacity of store \(i\)  \((i \in I)\).  
- \(d_j\) : daily demand of customer group \(j\)  \((j \in J)\).  
- \(c_{ij}\) : transportation cost per unit from store \(i\) to customer \(j\)  \((i \in I,\; j \in J)\).  

Decision variables  

- \(x_{ij} \ge 0\) : quantity shipped from store \(i\) to customer \(j\)  \((i \in I,\; j \in J)\).  

**Model**

\[
\begin{aligned}
\min \quad & \sum_{i \in I}\sum_{j \in J} c_{ij}\,x_{ij} \\[4pt]
\text{s.t.}\quad
& \sum_{j \in J} x_{ij} \;\le\; s_i, && \forall i \in I \quad \text{(supply limits)}\\[4pt]
& \sum_{i \in I} x_{ij} \;=\; d_j, && \forall j \in J \quad \text{(demand satisfaction)}\\[4pt]
& x_{ij} \;\ge\; 0, && \forall i \in I,\; j \in J
\end{aligned}
\]

This linear programming formulation minimizes total transportation cost while ensuring that each store’s supply capacity is not exceeded and every customer group’s demand is met exactly.","import gurobipy as gp
from gurobipy import GRB

s = [2531, 20, 210, 241]
d = [94, 39, 65, 435]
c = [[883.91, 0.04, 0.03, 44.45],
     [543.75, 23.68, 23.67, 447.75],
     [537.34, 23.76, 498.95, 440.60],
     [1791.49, 68.21, 1432.48, 1527.76]]

I = range(len(s))
J = range(len(d))

m = gp.Model(""Transportation"")

x = {}
for i in I:
    for j in J:
        x[i, j] = m.addVar(vtype=GRB.CONTINUOUS, name=f""x_{i}_{j}"")

m.update()

m.setObjective(gp.quicksum(c[i][j] * x[i, j] for i in I for j in J), GRB.MINIMIZE)

for i in I:
    m.addConstr(gp.quicksum(x[i, j] for j in J) <= s[i], name=f""supply_{i}"")

for j in J:
    m.addConstr(gp.quicksum(x[i, j] for i in I) == d[j], name=f""demand_{j}"")

m.optimize()

for i in I:
    for j in J:
        if x[i, j].X > 1e-6:
            print(f""x[{i},{j}] = {x[i, j].X}"")

print(f""Objective: {m.objVal}"")",PASS,"{""history"": [{""iteration"": 0, ""model_review"": {""status"": ""FAILED"", ""critical_flaws"": [""No mathematical model was provided; the output indicates only an execution error."", ""Objective function, decision variables, and constraints are entirely missing.""], ""major_flaws"": [], ""minor_flaws"": [], ""recommended_action"": ""refine_model"", ""confidence"": 1.0, ""raw_response"": ""{\n  \""status\"": \""FAILED\"",\n  \""critical_flaws\"": [\n    \""No mathematical model was provided; the output indicates only an execution error.\"",\n    \""Objective function, decision variables, and constraints are entirely missing.\""\n  ],\n  \""major_flaws\"": [],\n  \""minor_flaws\"": [],\n  \""recommended_action\"": \""refine_model\"",\n  \""confidence\"": 1.0\n}""}, ""code_review"": {""status"": ""NEEDS_REFINEMENT"", ""critical_flaws"": [], ""major_flaws"": [""Decision variables are declared as GRB.INTEGER, whereas the transportation problem typically requires continuous variables."", ""Demand constraints use '>= d[j]' allowing over‑supply; the model should enforce equality to meet exactly the customer demands.""], ""minor_flaws"": [], ""recommended_action"": ""refine_code"", ""confidence"": ""high"", ""raw_response"": ""{\n  \""status\"": \""NEEDS_REFINEMENT\"",\n  \""critical_flaws\"": [],\n  \""major_flaws\"": [\n    \""Decision variables are declared as GRB.INTEGER, whereas the transportation problem typically requires continuous variables.\"",\n    \""Demand constraints use '>= d[j]' allowing over‑supply; the model should enforce equality to meet exactly the customer demands.\""\n  ],\n  \""minor_flaws\"": [],\n  \""recommended_action\"": \""refine_code\"",\n  \""confidence\"": \""high\""\n}""}, ""deterministic_code_check"": {""status"": ""PASS"", ""code_present"": true, ""syntax_ok"": true, ""execution_ok"": true, ""model_status"": 2, ""objective_value"": 69849.22, ""error"": null, ""stdout"": ""Gurobi Optimizer version 12.0.1 build v12.0.1rc0 (linux64 - \""Ubuntu 22.04.5 LTS\"")\n\nCPU model: Intel(R) Xeon(R) Gold 5416S, instruction set [SSE2|AVX|AVX2|AVX512]\nThread count: 32 physical cores, 64 logical processors, using up to 32 threads\n\nOptimize a model with 8 rows, 16 columns and 32 nonzeros\nModel fingerprint: 0x282c225a\nVariable types: 0 continuous, 16 integer (0 binary)\nCoefficient statistics:\n  Matrix range     [1e+00, 1e+00]\n  Objective range  [3e-02, 2e+03]\n  Bounds range     [0e+00, 0e+00]\n  RHS range        [2e+01, 3e+03]\nFound heuristic solution: objective 103204.10000\nPresolve removed 8 rows and 16 columns\nPresolve time: 0.00s\nPresolve: All rows and columns removed\n\nExplored 0 nodes (0 simplex iterations) in 0.00 seconds (0.00 work units)\nThread count was 1 (of 64 available processors)\n\nSolution count 2: 69849.2 103204 \n\nOptimal solution found (tolerance 1.00e-04)\nBest objective 6.984922000000e+04, best bound 6.984922000000e+04, gap 0.0000%\n""}}, {""iteration"": 1, ""model_review"": {""status"": ""PASS"", ""critical_flaws"": [], ""major_flaws"": [], ""minor_flaws"": [], ""recommended_action"": ""none"", ""confidence"": 0.99, ""raw_response"": ""{\""status\"":\""PASS\"",\""critical_flaws\"":[],\""major_flaws\"":[],\""minor_flaws\"":[],\""recommended_action\"":\""none\"",\""confidence\"":0.99}""}, ""code_review"": {""status"": ""PASS"", ""critical_flaws"": [], ""major_flaws"": [], ""minor_flaws"": [], ""recommended_action"": ""none"", ""confidence"": 0.99, ""raw_response"": ""{\""status\"":\""PASS\"",\""critical_flaws\"":[],\""major_flaws\"":[],\""minor_flaws\"":[],\""recommended_action\"":\""none\"",\""confidence\"":0.99}""}, ""deterministic_code_check"": {""status"": ""PASS"", ""code_present"": true, ""syntax_ok"": true, ""execution_ok"": true, ""model_status"": 2, ""objective_value"": 69849.22, ""error"": null, ""stdout"": ""Gurobi Optimizer version 12.0.1 build v12.0.1rc0 (linux64 - \""Ubuntu 22.04.5 LTS\"")\n\nCPU model: Intel(R) Xeon(R) Gold 5416S, instruction set [SSE2|AVX|AVX2|AVX512]\nThread count: 32 physical cores, 64 logical processors, using up to 32 threads\n\nOptimize a model with 8 rows, 16 columns and 32 nonzeros\nModel fingerprint: 0x3f5f2932\nCoefficient statistics:\n  Matrix range     [1e+00, 1e+00]\n  Objective range  [3e-02, 2e+03]\n  Bounds range     [0e+00, 0e+00]\n  RHS range        [2e+01, 3e+03]\nPresolve removed 8 rows and 16 columns\nPresolve time: 0.00s\nPresolve: All rows and columns removed\nIteration    Objective       Primal Inf.    Dual Inf.      Time\n       0    6.9849220e+04   0.000000e+00   0.000000e+00      0s\n\nSolved in 0 iterations and 0.00 seconds (0.00 work units)\nOptimal objective  6.984922000e+04\nx[0,1] = 39.0\nx[0,2] = 65.0\nx[0,3] = 435.0\nx[2,0] = 94.0\nObjective: 69849.22\n""}}], ""refinements_used"": 1}",Transportation
